{
  "dsp_spec_version": "0.0.1",
  "last_updated_by": "Foxbox Digital",
  "last_updated": "2020-10-07T21:11:34.145Z",
  "entities": [
    {
      "class": "doc",
      "type": "page",
      "id": "D5BB331A-2483-4CC5-BCB7-82FFDC412B36",
      "name": "Introduction",
      "description": "# Bootstrap DSP\n![Bootstrap DSP created by Foxbox Digital](https://cdn.sanity.io/images/4j183ajh/production/b0451c2ed326aa6662617b30a74b1f8d4af8d323-1920x838.png)\n\nMake developing with Bootstrap 5 even easier by using our free design system package (DSP) for Visual Studio Code. Gain direct access to Bootstrap code snippets and documentation with Intellisense right in the VS Code editor. This allows you to stay in flow and focus on development, instead of switching between your editor and the docs.\n\nIt's built from the [XD-Bootstrap-v.5-UI-Kit](https://assets.adobe.com/public/12e45de1-ef2f-4ec8-6b99-28b1012038a4) CC Library.\n\n## Languages\nBootstrap DSP supports code snippets for:\n- HTML\n- React\n\nWant more? Please open an issue in our [Github repo](https://github.com/foxbox-digital/bootstrap-dsp).\n\n\n---\n\nCreated by the [Foxbox Digital](https://foxbox.com) team.",
      "tags": []
    }
  ]
}