{
  "dsp_spec_version": "0.0.1",
  "last_updated_by": "Foxbox Digital",
  "last_updated": "2020-10-07T21:11:34.145Z",
  "entities": [
    {
      "class": "token",
      "type": "color",
      "name": "Info / Disable / #67C3D0",
      "tags": [],
      "id": "70fffca5-8270-4d58-ad4c-ef182d6b9926",
      "value": "#67C3D0ff",
      "ext-com_adobe-cclib": {
        "source": "https://assets.adobe.com/public/12e45de1-ef2f-4ec8-6b99-28b1012038a4",
        "id": "5838c272-c003-4d2f-b37d-36c75776cac3",
        "last_sync": "2020-10-07T21:11:34.144Z",
        "sync": true
      }
    },
    {
      "class": "token",
      "type": "color",
      "name": "Light / Disable / #FAFCFC",
      "tags": [],
      "id": "7db13b5e-e850-4e4b-8031-944bad724580",
      "value": "#FAFCFCff",
      "ext-com_adobe-cclib": {
        "source": "https://assets.adobe.com/public/12e45de1-ef2f-4ec8-6b99-28b1012038a4",
        "id": "6c5958da-9ede-4553-80c2-07e9c8bd735e",
        "last_sync": "2020-10-07T21:11:34.144Z",
        "sync": true
      }
    },
    {
      "class": "token",
      "type": "color",
      "name": "Dark/ Disable / #7A7E83",
      "tags": [],
      "id": "49dd277f-a08e-45fa-97f7-b7dc47f0f094",
      "value": "#7A7E83ff",
      "ext-com_adobe-cclib": {
        "source": "https://assets.adobe.com/public/12e45de1-ef2f-4ec8-6b99-28b1012038a4",
        "id": "2fb4a721-eba5-4891-8967-c814cfc99e62",
        "last_sync": "2020-10-07T21:11:34.144Z",
        "sync": true
      }
    },
    {
      "class": "token",
      "type": "color",
      "name": "Warning / Disable / #FFD75E",
      "tags": [],
      "id": "675ef961-1f14-4f2c-85b2-0fae8192e05b",
      "value": "#FFD75Eff",
      "ext-com_adobe-cclib": {
        "source": "https://assets.adobe.com/public/12e45de1-ef2f-4ec8-6b99-28b1012038a4",
        "id": "d027f3a6-04f9-4b4b-92f5-da24274e627c",
        "last_sync": "2020-10-07T21:11:34.144Z",
        "sync": true
      }
    },
    {
      "class": "token",
      "type": "color",
      "name": "Secondary / Disable / #B0B6BA",
      "tags": [],
      "id": "c6c8d23d-1992-4674-962e-9539ddf47448",
      "value": "#B0B6BAff",
      "ext-com_adobe-cclib": {
        "source": "https://assets.adobe.com/public/12e45de1-ef2f-4ec8-6b99-28b1012038a4",
        "id": "15b138f6-84c7-4435-86ff-ca60f8c72fa9",
        "last_sync": "2020-10-07T21:11:34.144Z",
        "sync": true
      }
    },
    {
      "class": "token",
      "type": "color",
      "name": "Success / Disable / #74C686",
      "tags": [],
      "id": "16fcfd29-e7ed-4377-a731-e6422dbdd4c0",
      "value": "#74C686ff",
      "ext-com_adobe-cclib": {
        "source": "https://assets.adobe.com/public/12e45de1-ef2f-4ec8-6b99-28b1012038a4",
        "id": "87337dc4-d7a7-4691-9c00-dd7b222209fb",
        "last_sync": "2020-10-07T21:11:34.144Z",
        "sync": true
      }
    },
    {
      "class": "token",
      "type": "color",
      "name": "Danger / Disable / #E97B86",
      "tags": [],
      "id": "9f1202be-9dd3-457f-8be9-39123fffaf7f",
      "value": "#E97B86ff",
      "ext-com_adobe-cclib": {
        "source": "https://assets.adobe.com/public/12e45de1-ef2f-4ec8-6b99-28b1012038a4",
        "id": "7618bc70-17d6-4b96-841a-76843d814a8c",
        "last_sync": "2020-10-07T21:11:34.144Z",
        "sync": true
      }
    },
    {
      "class": "token",
      "type": "color",
      "name": "Dark / Hover / #23272B",
      "tags": [],
      "id": "97190d0b-82a0-4791-ad22-47402ae3d269",
      "value": "#23272Bff",
      "ext-com_adobe-cclib": {
        "source": "https://assets.adobe.com/public/12e45de1-ef2f-4ec8-6b99-28b1012038a4",
        "id": "230219bf-1b1d-4801-8ce3-a2785db68057",
        "last_sync": "2020-10-07T21:11:34.144Z",
        "sync": true
      }
    },
    {
      "class": "token",
      "type": "color",
      "name": "Primary / Disable / #58AAFF",
      "tags": [],
      "id": "dc3b4cc2-b875-4b4c-acac-7a41d4333912",
      "value": "#58AAFFff",
      "ext-com_adobe-cclib": {
        "source": "https://assets.adobe.com/public/12e45de1-ef2f-4ec8-6b99-28b1012038a4",
        "id": "1bfa4d82-b6e6-4f9b-98ea-63159fd6a9c1",
        "last_sync": "2020-10-07T21:11:34.144Z",
        "sync": true
      }
    },
    {
      "class": "token",
      "type": "color",
      "name": "Light / Hover / #E2E6EA",
      "tags": [],
      "id": "cf957b46-5fc2-4baf-bd6c-698906d9c856",
      "value": "#E2E6EAff",
      "ext-com_adobe-cclib": {
        "source": "https://assets.adobe.com/public/12e45de1-ef2f-4ec8-6b99-28b1012038a4",
        "id": "958a0d66-d7a5-4b1e-9a26-ae55b9adde97",
        "last_sync": "2020-10-07T21:11:34.145Z",
        "sync": true
      }
    },
    {
      "class": "token",
      "type": "color",
      "name": "Info / Hover / #138496",
      "tags": [],
      "id": "2f61d767-5990-4e5a-9960-f7624035a295",
      "value": "#138496ff",
      "ext-com_adobe-cclib": {
        "source": "https://assets.adobe.com/public/12e45de1-ef2f-4ec8-6b99-28b1012038a4",
        "id": "27a9e289-163a-4b56-bc19-5cf67721c01b",
        "last_sync": "2020-10-07T21:11:34.145Z",
        "sync": true
      }
    },
    {
      "class": "token",
      "type": "color",
      "name": "Success / Hover / #218838",
      "tags": [],
      "id": "758d317f-7517-40cf-a737-a1414f619eb6",
      "value": "#218838ff",
      "ext-com_adobe-cclib": {
        "source": "https://assets.adobe.com/public/12e45de1-ef2f-4ec8-6b99-28b1012038a4",
        "id": "1c0b3c4e-dc28-4fa3-aee5-977afef32626",
        "last_sync": "2020-10-07T21:11:34.145Z",
        "sync": true
      }
    },
    {
      "class": "token",
      "type": "color",
      "name": "Danger / Hover / #C82333",
      "tags": [],
      "id": "9471bc27-cec2-4bdb-930d-e6c2dc8e1a83",
      "value": "#C82333ff",
      "ext-com_adobe-cclib": {
        "source": "https://assets.adobe.com/public/12e45de1-ef2f-4ec8-6b99-28b1012038a4",
        "id": "0462eb50-e4b8-438e-9eb9-e03169e6098b",
        "last_sync": "2020-10-07T21:11:34.145Z",
        "sync": true
      }
    },
    {
      "class": "token",
      "type": "color",
      "name": "Warning / Hover / #E0A800",
      "tags": [],
      "id": "4caaedb7-0959-45c5-90ba-4148a20c5649",
      "value": "#E0A800ff",
      "ext-com_adobe-cclib": {
        "source": "https://assets.adobe.com/public/12e45de1-ef2f-4ec8-6b99-28b1012038a4",
        "id": "dacaf6ca-efcb-4faf-affd-67d2b4cd25a7",
        "last_sync": "2020-10-07T21:11:34.145Z",
        "sync": true
      }
    },
    {
      "class": "token",
      "type": "color",
      "name": "Universal / Black / #000000",
      "tags": [],
      "id": "de34d033-0dfe-4728-9d53-633754329ca8",
      "value": "#000000ff",
      "ext-com_adobe-cclib": {
        "source": "https://assets.adobe.com/public/12e45de1-ef2f-4ec8-6b99-28b1012038a4",
        "id": "b3043175-a56a-455d-9420-d49e5b59236e",
        "last_sync": "2020-10-07T21:11:34.145Z",
        "sync": true
      }
    },
    {
      "class": "token",
      "type": "color",
      "name": "Primary / Hover / #0069D9",
      "tags": [],
      "id": "8e53529d-39af-4a81-9638-d285ef62f0ca",
      "value": "#0069D9ff",
      "ext-com_adobe-cclib": {
        "source": "https://assets.adobe.com/public/12e45de1-ef2f-4ec8-6b99-28b1012038a4",
        "id": "c3a23e59-9052-4efc-aa68-cd9066a734df",
        "last_sync": "2020-10-07T21:11:34.145Z",
        "sync": true
      }
    },
    {
      "class": "token",
      "type": "color",
      "name": "Secondary / Hover / #5A6268",
      "tags": [],
      "id": "fa2a796a-14b0-4d45-aa72-f79012487f5f",
      "value": "#5A6268ff",
      "ext-com_adobe-cclib": {
        "source": "https://assets.adobe.com/public/12e45de1-ef2f-4ec8-6b99-28b1012038a4",
        "id": "c96c99d8-4eef-4e94-877e-064f35b8abc1",
        "last_sync": "2020-10-07T21:11:34.145Z",
        "sync": true
      }
    },
    {
      "class": "token",
      "type": "color",
      "name": "Light / #F8F9FA",
      "tags": [],
      "id": "e526198b-358d-46d2-8c52-f2776f1c697c",
      "value": "#F8F9FAff",
      "ext-com_adobe-cclib": {
        "source": "https://assets.adobe.com/public/12e45de1-ef2f-4ec8-6b99-28b1012038a4",
        "id": "36cca0b7-2890-41c7-97c8-331bbdb6f682",
        "last_sync": "2020-10-07T21:11:34.145Z",
        "sync": true
      }
    },
    {
      "class": "token",
      "type": "color",
      "name": "Dark / #343A40",
      "tags": [],
      "id": "8579bbc5-30fd-4f75-b2b8-b54c859d5b1f",
      "value": "#343A40ff",
      "ext-com_adobe-cclib": {
        "source": "https://assets.adobe.com/public/12e45de1-ef2f-4ec8-6b99-28b1012038a4",
        "id": "466efb62-53ab-4f03-85d5-4c83e28b3371",
        "last_sync": "2020-10-07T21:11:34.145Z",
        "sync": true
      }
    },
    {
      "class": "token",
      "type": "color",
      "name": "Universal / White / #FFFFFF",
      "tags": [],
      "id": "a570c620-d50b-49a5-b021-5b4e87f6ff7f",
      "value": "#FFFFFFff",
      "ext-com_adobe-cclib": {
        "source": "https://assets.adobe.com/public/12e45de1-ef2f-4ec8-6b99-28b1012038a4",
        "id": "56ed7798-fa2e-44c4-bb3b-61a1f10d149d",
        "last_sync": "2020-10-07T21:11:34.145Z",
        "sync": true
      }
    },
    {
      "class": "token",
      "type": "color",
      "name": "Warning / #FFC107",
      "tags": [],
      "id": "99e065df-7dce-4fcf-9455-f049754747d9",
      "value": "#FFC107ff",
      "ext-com_adobe-cclib": {
        "source": "https://assets.adobe.com/public/12e45de1-ef2f-4ec8-6b99-28b1012038a4",
        "id": "6fdf5061-065a-45f5-94d8-da9ef8330697",
        "last_sync": "2020-10-07T21:11:34.145Z",
        "sync": true
      }
    },
    {
      "class": "token",
      "type": "color",
      "name": "Info / #17A2B8",
      "tags": [],
      "id": "61f27b00-5929-4df7-9e42-5cfdf594945a",
      "value": "#17A2B8ff",
      "ext-com_adobe-cclib": {
        "source": "https://assets.adobe.com/public/12e45de1-ef2f-4ec8-6b99-28b1012038a4",
        "id": "a819c020-0e7c-4bb8-b047-0a20aa2ff24d",
        "last_sync": "2020-10-07T21:11:34.145Z",
        "sync": true
      }
    },
    {
      "class": "token",
      "type": "color",
      "name": "Success / #28A745",
      "tags": [],
      "id": "48bf1160-518b-41f4-9663-c7e969ab59e9",
      "value": "#28A745ff",
      "ext-com_adobe-cclib": {
        "source": "https://assets.adobe.com/public/12e45de1-ef2f-4ec8-6b99-28b1012038a4",
        "id": "f5189396-f06d-4274-9576-84c848526398",
        "last_sync": "2020-10-07T21:11:34.145Z",
        "sync": true
      }
    },
    {
      "class": "token",
      "type": "color",
      "name": "Danger / #DC3545",
      "tags": [],
      "id": "44cc9e81-a4e9-49bf-8b7f-50fc4eded49b",
      "value": "#DC3545ff",
      "ext-com_adobe-cclib": {
        "source": "https://assets.adobe.com/public/12e45de1-ef2f-4ec8-6b99-28b1012038a4",
        "id": "59ddb1fa-e60d-480e-8a2f-d3bee0aa37c0",
        "last_sync": "2020-10-07T21:11:34.145Z",
        "sync": true
      }
    },
    {
      "class": "token",
      "type": "color",
      "name": "Primary / #007BFF",
      "tags": [],
      "id": "94277047-6743-4b5e-9990-8bc41fc28647",
      "value": "#007BFFff",
      "ext-com_adobe-cclib": {
        "source": "https://assets.adobe.com/public/12e45de1-ef2f-4ec8-6b99-28b1012038a4",
        "id": "ccf0b9e8-e963-4291-9377-0590e0f73ef1",
        "last_sync": "2020-10-07T21:11:34.145Z",
        "sync": true
      }
    },
    {
      "class": "token",
      "type": "color",
      "name": "Secondary / #6C757D",
      "tags": [],
      "id": "42887671-b833-403c-a7d9-8313bfe2d7c0",
      "value": "#6C757Dff",
      "ext-com_adobe-cclib": {
        "source": "https://assets.adobe.com/public/12e45de1-ef2f-4ec8-6b99-28b1012038a4",
        "id": "655a2f18-b69c-4bd8-8681-6a23d02d7b13",
        "last_sync": "2020-10-07T21:11:34.145Z",
        "sync": true
      }
    }
  ]
}