{
  "dsp_spec_version": "0.0.1",
  "last_updated_by": "",
  "last_updated": "2020-10-18T03:09:01.531Z",
  "entities": [
    {
      "class": "doc",
      "type": "page",
      "id": "D5BB331A-2483-4CC5-BCB7-82FFDC412B36",
      "name": "Introduction",
      "description": "# Streamline Symbols\n1,285 essential icons to design interfaces.\n\n![cover](https://res.cloudinary.com/dsxddxoeg/image/upload/v1602098082/streamline/DSP-cover.png)\n\n\nGet 30,000 more icons on [Streamline Icons](https//streamlineicons.com) website.\n",
      "tags": []
    }
  ]
}